,HICP,Location,2000,2001,2002,2003,2004,2005,2006,2007,2008,2009,2010,2011,2012,2013,2014,2015,2016,2017,2018,2019,2020,2021,2022,2023
0,Bread and cereals,European Union - 27 countries (from 2020),,29.68,28.87,28.01,27.77,28.01,27.22,27.3,28.48,28.74,28.48,27.71,27.21,27.34,27.54,27.18,27.44,27.32,27.08,26.29,26.5,29.91,28.69,28.73
1,Bread and cereals,Germany,20.27,19.55,20.03,20.13,20.04,19.66,19.23,19.33,19.08,19.78,19.27,19.16,19.04,20.21,20.34,20.28,20.27,20.27,20.29,17.3,17.75,20.14,19.74,20.84
2,Bread and cereals,Spain,32.31,32.75,33.51,33.51,34.23,34.64,34.82,33.38,31.49,28.24,29.43,29.15,28.87,28.73,29.2,29.76,29.36,29.58,28.85,26.97,29.15,34.72,31.15,26.35
3,Bread and cereals,France,23.93,23.11,23.59,23.44,23.39,23.78,22.38,22.18,22.25,22.48,22.4,22.56,22.98,23.52,24.15,23.99,26.17,26.2,26.55,26.83,27.38,31.63,28.45,29.8
4,Meat,European Union - 27 countries (from 2020),,44.59,44.38,41.55,40.46,40.51,39.45,39.47,39.62,39.56,39.43,38.35,38.45,38.6,38.85,38.23,35.95,36.22,35.93,34.79,35.48,38.92,37.59,35.59
5,Meat,Germany,26.66,25.96,27.56,26.74,26.26,25.77,25.3,25.46,23.99,24.93,24.45,24.24,25.05,25.14,24.83,23.71,23.76,24.33,24.92,21.36,22.46,24.79,24.28,24.27
6,Meat,Spain,65.78,53.47,55.33,54.88,56.44,56.95,55.01,54.98,50.48,45.34,46.3,46.1,45.86,45.9,47.43,46.57,45.71,46.75,45.34,43.73,46.13,55.02,54.59,44.3
7,Meat,France,49.85,49.67,51.11,49.14,47.34,46.21,44.77,44.07,43.04,43.14,42.14,41.92,42.66,42.95,43.54,43.21,38.96,38.24,37.69,36.54,36.09,39.17,37.71,34.66
8,Fish and seafood,European Union - 27 countries (from 2020),,10.65,10.78,10.9,10.7,10.68,10.84,10.93,10.72,10.48,10.25,9.9,9.98,9.95,9.94,9.96,9.36,9.38,9.37,9.02,9.02,9.95,9.76,9.04
9,Fish and seafood,Germany,3.37,3.32,3.46,3.57,3.52,3.51,3.51,3.64,3.68,3.71,3.77,3.83,3.6,4.3,4.3,4.28,4.31,4.42,4.41,3.61,3.77,4.2,4.09,4.64
10,Fish and seafood,Spain,35.91,31.39,31.26,30.98,31.65,31.44,30.82,30.6,27.92,24.94,24.08,24.45,24.22,24.14,24.67,25.02,24.63,23.28,23.09,21.93,22.94,27.24,27.35,21.41
11,Fish and seafood,France,12.9,12.64,12.64,12.66,12.3,12.92,12.87,13.22,12.68,13.04,13.1,10.92,11.22,10.96,10.83,10.72,8.98,9.43,9.18,8.8,8.39,9.33,8.68,8.59
12,"Milk, cheese and eggs",European Union - 27 countries (from 2020),,25.15,25.16,24.39,24.28,24.05,23.51,23.17,25.26,24.68,24.08,23.49,23.43,23.16,24.09,23.77,22.27,22.3,22.97,21.72,21.26,24.45,23.52,24.05
13,"Milk, cheese and eggs",Germany,16.94,16.25,17.23,16.79,16.73,16.07,15.65,15.45,18.67,17.61,16.84,16.81,16.81,16.16,18.08,17.12,15.54,16.79,18.87,16.74,16.19,18.92,18.57,20.95
14,"Milk, cheese and eggs",Spain,30.39,29.27,30.46,30.9,31.74,31.61,31.15,29.97,29.17,26.12,26.45,25.6,25.68,25.49,25.94,26.52,26.05,24.41,23.55,23.13,22.75,28.62,26.68,20.45
15,"Milk, cheese and eggs",France,23.79,23.61,24.08,23.69,23.71,24.22,23.27,22.78,23.85,24.32,23.47,23.23,24.0,23.9,23.89,24.27,21.91,20.85,21.0,20.84,20.8,23.32,21.72,21.54
16,Oils and fats,European Union - 27 countries (from 2020),,7.27,6.91,6.51,6.31,6.42,6.32,6.13,6.43,6.22,5.89,5.76,5.47,5.26,5.52,4.92,4.59,4.65,4.9,4.56,4.36,5.01,5.06,5.46
17,Oils and fats,Germany,3.45,3.35,3.35,3.28,3.25,3.13,2.97,2.94,3.43,3.18,3.27,3.29,3.22,2.82,3.36,2.77,2.82,3.37,3.83,2.8,2.47,3.07,3.22,3.69
18,Oils and fats,Spain,11.42,8.05,8.51,7.31,7.46,7.92,8.42,8.54,7.44,6.35,5.77,5.6,5.4,5.5,6.01,5.73,5.87,5.44,5.74,5.37,5.03,5.59,5.69,6.59
19,Oils and fats,France,4.77,4.54,4.44,4.39,4.33,4.31,4.18,4.21,3.98,4.11,3.89,3.8,3.87,3.79,3.83,3.85,3.29,3.25,3.28,3.37,3.42,3.8,3.63,3.86
20,Fruit,European Union - 27 countries (from 2020),,11.71,11.84,11.69,11.82,11.45,11.52,11.75,12.45,11.87,11.65,11.84,11.82,11.92,12.03,11.75,12.38,12.84,13.35,12.72,12.97,15.21,14.58,13.77
21,Fruit,Germany,9.17,9.24,9.44,9.29,9.49,9.44,9.76,9.76,11.0,10.91,10.82,11.48,10.61,10.64,10.83,10.11,10.8,10.57,11.03,9.98,10.13,11.86,11.47,12.21
22,Fruit,Spain,22.8,16.79,17.89,17.67,18.21,18.51,18.54,18.99,17.23,15.34,15.75,15.3,16.13,15.89,17.27,16.06,15.55,17.89,17.76,18.73,18.14,22.9,21.73,18.52
23,Fruit,France,9.79,10.12,10.61,10.59,11.09,10.3,11.18,10.89,10.75,9.97,9.8,10.23,10.63,10.73,10.89,10.83,11.06,11.75,12.51,12.37,11.92,13.99,13.33,12.13
24,Vegetables,European Union - 27 countries (from 2020),,17.29,17.09,16.34,16.51,15.71,15.82,16.36,16.94,16.66,15.76,16.94,14.94,16.11,16.75,16.67,18.02,18.25,18.01,18.58,18.7,20.37,20.24,19.53
25,Vegetables,Germany,11.99,11.8,11.94,10.69,11.55,10.78,10.29,11.41,13.28,13.46,11.47,13.26,10.39,13.37,13.95,12.18,13.36,14.11,12.81,13.12,13.27,14.31,14.45,14.9
26,Vegetables,Spain,24.27,16.95,17.17,17.63,19.03,18.36,17.95,19.34,17.63,15.78,15.84,15.95,16.52,16.23,17.01,18.1,18.28,18.47,18.22,17.83,18.71,22.88,23.8,19.85
27,Vegetables,France,15.85,15.3,15.61,14.78,14.87,15.39,14.99,15.37,14.9,15.14,14.47,15.67,14.62,15.35,15.12,15.44,16.87,18.2,18.59,19.34,18.2,20.24,19.23,18.85
28,"Sugar, jam, honey, chocolate and confectionery",European Union - 27 countries (from 2020),,11.4,11.01,10.96,10.78,10.96,10.52,10.56,10.51,10.62,10.59,10.49,10.69,10.76,10.83,10.09,10.65,10.79,10.62,10.38,10.44,11.98,11.34,10.61
29,"Sugar, jam, honey, chocolate and confectionery",Germany,8.96,8.6,8.64,8.76,8.96,8.77,8.62,8.6,8.55,9.04,8.8,8.66,8.76,8.71,8.85,8.79,8.86,8.83,8.74,7.93,8.04,9.48,9.16,8.8
30,"Sugar, jam, honey, chocolate and confectionery",Spain,7.2,7.01,7.02,7.13,7.19,7.15,7.45,7.2,6.55,5.89,5.95,6.01,6.22,6.35,6.45,6.67,6.72,6.99,6.96,6.68,6.77,8.36,7.81,6.74
31,"Sugar, jam, honey, chocolate and confectionery",France,10.56,10.14,10.26,10.39,10.81,11.33,10.79,10.48,10.52,10.56,10.82,11.17,11.62,11.84,11.87,11.78,12.33,12.33,12.21,12.08,12.13,13.4,12.01,11.71
32,Food products n.e.c.,European Union - 27 countries (from 2020),,4.68,4.5,4.62,4.44,4.57,4.58,4.76,4.88,5.03,5.16,5.14,5.17,5.38,5.76,6.16,6.86,6.88,6.94,6.77,7.21,8.42,7.93,9.63
33,Food products n.e.c.,Germany,4.55,4.35,4.41,4.41,4.39,4.33,4.28,4.21,4.81,4.94,4.87,4.78,4.87,4.93,5.0,4.96,5.0,5.05,5.02,5.07,5.14,5.91,5.73,6.46
34,Food products n.e.c.,Spain,2.49,3.34,3.34,3.36,3.43,3.43,3.55,3.97,3.63,3.23,4.19,4.13,4.36,4.37,4.57,5.59,5.65,5.67,5.78,5.81,5.73,7.78,6.88,14.48
35,Food products n.e.c.,France,4.9,4.88,4.99,4.96,5.06,6.3,6.41,6.29,6.06,6.37,6.36,6.22,6.56,6.66,6.7,6.75,6.08,5.91,5.96,5.84,6.78,7.58,6.92,6.95
36,"Coffee, tea and cocoa",European Union - 27 countries (from 2020),,5.36,4.96,4.69,4.47,4.38,4.45,4.35,4.34,4.36,4.4,4.39,4.6,4.62,4.59,5.02,4.71,4.7,4.82,4.71,4.68,5.32,5.26,5.3
37,"Coffee, tea and cocoa",Germany,5.35,5.01,4.94,4.72,4.57,4.35,4.82,4.73,4.37,4.39,4.33,4.35,4.57,4.6,4.2,4.51,4.29,4.42,4.78,4.51,4.65,5.13,5.39,4.58
38,"Coffee, tea and cocoa",Spain,5.39,4.07,3.91,4.03,3.88,3.73,3.61,3.49,3.2,2.85,3.02,3.01,3.28,3.4,3.65,3.66,3.73,3.96,3.98,3.76,4.05,4.54,4.94,5.86
39,"Coffee, tea and cocoa",France,4.97,4.83,4.66,4.56,4.69,4.72,4.67,4.56,4.45,4.58,4.57,4.56,5.09,5.04,4.99,4.88,4.22,4.26,4.36,4.4,4.35,4.86,4.61,4.65
40,"Mineral waters, soft drinks, fruit and vegetable juices",European Union - 27 countries (from 2020),,9.24,9.28,9.34,9.21,9.22,8.95,9.39,10.06,9.98,9.92,10.08,9.84,9.81,9.7,9.64,9.63,9.88,9.89,9.69,9.8,10.82,10.24,10.82
41,"Mineral waters, soft drinks, fruit and vegetable juices",Germany,9.82,9.5,9.49,9.43,9.33,9.16,9.02,9.18,11.38,11.27,10.96,11.16,10.33,10.01,9.76,8.96,8.92,9.96,10.35,9.18,9.55,10.11,10.47,10.52
42,"Mineral waters, soft drinks, fruit and vegetable juices",Spain,5.74,7.96,7.89,8.05,8.22,8.21,8.23,8.99,8.18,7.28,7.78,7.83,7.79,7.79,8.07,8.14,8.21,9.25,8.91,8.97,9.1,10.57,10.12,10.67
43,"Mineral waters, soft drinks, fruit and vegetable juices",France,7.92,7.86,8.07,8.11,8.28,9.18,8.73,9.12,9.34,9.32,9.24,9.54,10.03,10.36,10.19,10.2,9.65,9.62,9.54,9.69,9.79,10.58,9.25,9.16
44,Spirits,European Union - 27 countries (from 2020),,4.82,4.71,4.44,4.55,4.48,4.41,4.44,4.22,4.22,4.38,4.51,4.44,4.63,4.79,4.8,5.03,4.84,4.83,5.1,4.99,5.87,5.61,5.21
45,Spirits,Germany,2.48,2.37,2.38,2.34,2.33,2.28,2.22,2.28,2.11,2.11,2.11,2.1,1.97,2.2,2.28,2.37,2.36,2.25,2.32,3.94,4.04,4.35,4.2,3.29
46,Spirits,Spain,2.04,1.73,1.72,1.72,1.7,1.67,1.7,1.63,1.5,1.46,1.49,1.52,1.5,1.43,1.46,1.46,1.44,1.49,1.44,1.49,1.43,1.98,1.85,4.36
47,Spirits,France,5.7,5.46,5.41,5.33,5.26,5.37,4.99,4.89,4.82,4.63,4.67,5.74,5.59,5.9,5.83,5.74,7.6,7.47,7.46,7.18,7.18,8.1,7.4,7.09
48,Wine,European Union - 27 countries (from 2020),,7.19,7.12,7.06,7.15,7.07,6.96,7.08,7.07,6.93,6.89,6.95,7.18,7.52,7.72,8.0,7.77,7.6,7.56,7.95,7.86,8.92,8.33,7.22
49,Wine,Germany,5.72,5.47,5.48,5.43,5.39,5.29,5.19,5.22,6.17,6.34,6.33,6.25,5.97,6.69,6.8,6.8,6.67,6.36,6.64,8.51,8.52,9.19,8.88,6.94
50,Wine,Spain,6.3,4.5,4.28,4.35,4.31,4.18,4.07,3.83,3.53,3.38,3.22,3.27,3.38,3.4,3.53,3.48,3.39,3.38,3.47,3.62,3.5,5.4,4.97,5.55
51,Wine,France,11.86,11.44,10.98,10.87,10.94,11.35,10.57,10.18,10.1,10.39,10.27,10.44,10.42,10.5,10.45,10.68,10.03,10.3,9.86,9.59,9.34,9.94,8.18,8.07
52,Beer,European Union - 27 countries (from 2020),,6.9,6.79,6.93,7.14,7.03,6.91,6.85,6.52,6.48,6.65,6.66,6.66,6.83,7.2,7.3,7.4,7.29,7.4,6.69,6.77,7.69,7.61,7.15
53,Beer,Germany,11.7,11.27,11.18,11.41,11.45,11.35,11.09,11.15,10.13,10.29,10.19,10.11,9.39,9.69,10.21,10.21,9.93,9.38,9.8,6.83,6.83,7.28,7.06,5.55
54,Beer,Spain,2.81,2.76,2.72,2.74,2.71,2.71,2.75,2.95,2.75,2.65,2.82,2.96,2.98,3.07,3.22,3.24,3.32,3.33,3.28,3.2,3.37,4.41,4.95,6.95
55,Beer,France,2.47,2.37,2.28,2.25,2.23,2.19,2.06,2.05,1.98,1.87,1.75,1.78,1.7,2.03,2.33,2.38,3.54,3.55,3.92,4.14,4.5,5.14,4.98,5.06
56,Tobacco,European Union - 27 countries (from 2020),,23.07,23.22,23.86,24.7,26.32,25.99,25.69,24.81,24.98,26.65,27.71,25.55,26.14,25.96,25.83,25.78,25.6,25.09,24.58,24.76,27.39,25.99,23.1
57,Tobacco,Germany,23.36,22.76,22.69,23.82,25.53,31.05,32.23,33.32,26.31,26.31,27.3,26.68,21.71,25.16,25.18,24.36,25.14,25.32,24.32,22.68,22.67,25.3,24.82,18.98
58,Tobacco,Spain,22.96,22.61,23.3,22.67,22.47,22.18,21.95,19.91,19.1,18.18,20.16,21.48,21.61,20.88,20.48,20.44,20.32,21.02,20.59,19.7,19.33,19.23,18.61,22.89
59,Tobacco,France,21.35,20.32,21.05,22.02,22.49,21.09,19.95,19.16,19.93,18.68,19.07,21.31,21.91,22.82,22.76,22.11,21.71,21.1,21.53,21.42,23.04,27.42,24.38,20.74
60,Clothing materials,European Union - 27 countries (from 2020),,0.45,0.43,0.44,0.42,0.41,0.34,0.28,0.21,0.19,0.17,0.15,0.15,0.39,0.32,0.33,0.33,0.32,0.28,0.36,0.33,0.31,0.3,0.2
61,Clothing materials,Germany,0.21,0.2,0.2,0.21,0.21,0.2,0.2,0.21,0.0,0.0,0.0,0.0,0.0,0.93,0.9,0.95,0.99,0.96,0.73,1.15,1.12,0.96,0.93,0.47
62,Clothing materials,Spain,2.97,0.82,0.81,0.81,0.79,0.78,0.73,0.0,0.0,0.0,0.0,0.0,0.0,0.0,0.0,0.0,0.0,0.0,0.0,0.0,0.0,0.0,0.0,0.0
63,Clothing materials,France,0.15,0.13,0.13,0.12,0.1,0.1,0.09,0.08,0.07,0.06,0.06,0.05,0.05,0.23,0.08,0.08,0.0,0.0,0.0,0.0,0.0,0.0,0.0,0.0
64,Garments,European Union - 27 countries (from 2020),,53.04,53.92,53.51,52.27,52.01,50.92,48.75,48.06,47.98,47.3,46.88,47.4,45.97,44.24,42.84,42.41,41.91,41.05,42.11,41.14,37.03,37.62,37.92
65,Garments,Germany,49.03,47.03,46.76,45.71,45.07,43.72,41.84,41.4,40.46,40.28,40.65,40.0,40.97,38.14,37.76,39.54,38.01,37.62,34.52,39.32,37.39,31.9,31.54,37.94
66,Garments,Spain,78.21,77.89,80.87,75.42,74.1,73.44,70.24,68.67,67.08,67.1,66.35,65.66,63.75,61.37,57.79,58.18,58.19,47.51,46.78,48.14,46.43,45.93,44.04,28.96
67,Garments,France,40.41,38.52,37.0,35.54,34.49,41.21,40.77,39.72,39.02,37.77,36.99,35.76,36.06,35.26,34.2,33.89,32.09,33.48,32.24,30.49,28.91,27.53,25.74,26.14
68,Other articles of clothing and clothing accessories,European Union - 27 countries (from 2020),,2.24,2.18,2.16,2.23,2.36,2.35,2.39,2.1,2.1,2.09,2.07,2.08,2.11,2.08,2.23,2.59,2.68,2.57,2.6,2.57,2.26,2.21,2.19
69,Other articles of clothing and clothing accessories,Germany,2.45,2.34,2.35,2.37,2.35,2.28,2.24,2.21,1.24,1.27,1.27,1.26,1.21,1.43,1.45,1.54,1.55,1.52,1.39,1.31,1.21,1.07,1.04,1.34
70,Other articles of clothing and clothing accessories,Spain,3.45,1.48,1.53,1.48,1.44,1.42,1.37,1.78,1.75,1.72,1.72,1.72,1.7,1.65,1.55,1.56,1.4,1.38,1.37,1.37,1.42,1.35,1.05,0.77
71,Other articles of clothing and clothing accessories,France,3.07,3.41,3.28,3.47,3.36,4.29,4.3,4.24,4.1,3.98,3.81,3.7,3.97,3.96,3.75,3.77,4.42,4.77,4.64,4.72,4.53,4.16,4.24,3.92
72,"Cleaning, repair and hire of clothing",European Union - 27 countries (from 2020),,1.69,1.71,1.79,1.72,1.65,1.65,1.52,1.46,1.46,1.4,1.39,1.42,1.41,1.35,1.52,1.53,1.51,1.43,1.39,1.36,1.09,1.02,1.07
73,"Cleaning, repair and hire of clothing",Germany,1.48,1.42,1.42,1.46,1.44,1.41,1.39,1.39,1.35,1.34,1.32,1.3,1.28,1.21,1.24,1.29,1.28,1.23,1.13,1.06,0.98,0.87,0.83,0.81
74,"Cleaning, repair and hire of clothing",Spain,1.02,0.59,0.59,0.59,0.57,0.57,0.58,0.52,0.51,0.52,0.55,0.57,0.57,0.57,0.58,0.59,0.53,0.52,0.52,0.52,0.56,0.56,0.0,0.0
75,"Cleaning, repair and hire of clothing",France,1.93,1.94,1.79,1.8,1.72,1.59,1.56,1.52,1.44,1.43,1.44,1.33,1.32,1.36,1.42,1.44,1.37,1.35,1.34,1.31,1.32,1.23,1.06,1.31
76,Shoes and other footwear,European Union - 27 countries (from 2020),,,,,,,,,,,,,,,,,,12.19,12.01,12.31,12.08,10.72,10.81,9.88
77,Shoes and other footwear,Germany,,,,,,,,,,,,,,,,9.35,9.97,10.22,9.88,11.04,10.48,8.85,8.65,7.51
78,Shoes and other footwear,Spain,,,,,,,,,,,,,,,,,17.05,15.99,15.94,15.18,14.7,14.69,14.1,9.89
79,Shoes and other footwear,France,12.66,12.09,12.08,11.83,11.4,10.72,10.76,10.17,10.28,10.11,10.14,10.84,11.24,11.23,11.22,11.15,9.55,9.75,9.55,9.5,9.11,7.92,8.53,8.54
80,Repair and hire of footwear,European Union - 27 countries (from 2020),,,,,,,,,,,,,,,,,,0.33,0.32,0.28,0.28,0.24,0.2,0.18
81,Repair and hire of footwear,Germany,,,,,,,,,,,,,,,,0.31,0.33,0.33,0.31,0.22,0.21,0.18,0.17,0.12
82,Repair and hire of footwear,Spain,,,,,,,,,,,,,,,,,0.18,0.18,0.18,0.16,0.16,0.17,0.0,0.0
83,Repair and hire of footwear,France,0.73,0.53,0.54,0.55,0.52,0.5,0.49,0.47,0.45,0.46,0.46,0.3,0.3,0.23,0.23,0.22,0.24,0.25,0.25,0.24,0.24,0.23,0.24,0.23
84,Actual rentals for housing,European Union - 27 countries (from 2020),,60.03,59.98,59.52,59.18,58.46,57.57,56.59,54.18,53.97,53.92,53.95,54.73,54.04,55.42,56.84,57.93,57.75,56.95,57.79,57.96,64.63,61.09,49.67
85,Actual rentals for housing,Germany,114.65,111.06,110.78,111.06,110.83,109.4,108.16,107.76,104.93,105.07,104.4,103.83,104.48,102.05,102.04,103.48,105.31,103.71,102.19,107.11,107.0,117.8,113.35,72.83
86,Actual rentals for housing,Spain,14.65,21.27,21.62,20.75,22.61,22.85,23.31,23.27,23.14,23.89,27.68,28.71,28.24,28.68,29.01,27.96,28.12,31.15,31.68,31.8,31.33,32.32,33.62,35.92
87,Actual rentals for housing,France,66.49,61.51,59.45,61.17,62.95,63.7,63.99,65.07,64.93,65.13,66.24,65.32,64.72,65.19,67.05,67.16,69.57,70.14,68.91,67.27,68.3,78.3,73.01,66.86
88,Maintenance and repair of the dwelling,European Union - 27 countries (from 2020),,16.37,16.04,16.09,15.72,15.7,16.55,16.21,17.2,17.07,17.22,17.41,16.68,15.99,15.37,13.99,14.46,14.34,14.15,15.39,14.89,16.81,16.35,13.4
89,Maintenance and repair of the dwelling,Germany,13.48,12.95,12.9,12.79,12.77,12.65,12.57,12.88,14.0,14.3,14.51,14.54,13.94,9.43,9.33,9.71,9.62,9.86,9.76,14.16,14.36,15.96,15.94,10.14
90,Maintenance and repair of the dwelling,Spain,38.21,16.45,16.79,16.12,13.05,12.81,13.17,11.96,11.8,12.21,12.24,13.01,12.82,12.63,11.83,11.83,11.64,11.09,11.03,11.03,11.05,11.31,9.45,10.98
91,Maintenance and repair of the dwelling,France,14.89,14.59,15.21,15.17,15.2,15.63,15.09,15.33,15.59,16.46,16.77,16.07,15.73,16.28,16.02,16.08,19.31,19.04,19.13,19.12,19.14,19.81,20.78,20.41
92,Water supply and miscellaneous services relating to the dwelling,European Union - 27 countries (from 2020),,25.01,24.72,24.43,24.72,24.52,24.59,25.99,25.08,25.14,25.63,26.0,26.24,26.25,26.79,26.65,26.32,25.93,25.81,26.91,26.3,29.35,27.81,22.65
93,Water supply and miscellaneous services relating to the dwelling,Germany,37.05,36.31,36.36,36.42,36.69,36.69,36.45,36.43,36.51,36.35,36.19,36.22,36.8,34.43,33.27,33.32,33.84,32.34,32.71,39.26,40.39,44.78,43.08,27.0
94,Water supply and miscellaneous services relating to the dwelling,Spain,24.29,28.91,29.26,28.19,29.76,30.35,30.89,28.29,28.24,29.32,30.79,31.53,31.89,32.51,33.86,34.74,35.1,35.2,34.81,33.8,34.21,34.59,34.26,29.27
95,Water supply and miscellaneous services relating to the dwelling,France,21.49,21.08,20.57,20.52,21.3,18.16,18.52,18.59,18.45,18.73,19.66,20.45,20.52,20.73,19.65,20.99,17.62,17.68,17.76,17.07,16.63,18.69,17.26,16.39
96,"Electricity, gas and other fuels",European Union - 27 countries (from 2020),,57.2,54.48,53.02,53.06,55.02,57.82,59.89,59.27,61.84,59.75,62.61,65.93,64.68,64.9,65.76,60.29,58.59,59.1,62.28,58.67,61.65,67.98,65.09
97,"Electricity, gas and other fuels",Germany,51.33,56.59,56.04,55.84,57.43,59.55,66.94,69.51,75.55,80.04,75.27,78.34,84.23,77.61,77.13,78.35,67.18,65.32,65.02,76.57,71.31,74.46,79.83,55.03
98,"Electricity, gas and other fuels",Spain,27.51,41.31,38.87,39.48,40.51,39.96,40.58,41.66,41.15,43.7,44.06,47.46,50.76,54.05,53.28,54.91,53.0,53.29,53.91,54.47,53.5,54.14,62.12,50.42
99,"Electricity, gas and other fuels",France,44.97,45.7,41.96,43.44,41.2,44.14,46.29,46.2,44.16,43.81,44.22,48.89,52.48,48.82,54.54,55.39,49.81,51.1,51.22,53.66,52.59,55.12,63.36,60.4
100,Furniture and furnishings,European Union - 27 countries (from 2020),,25.24,26.11,25.71,24.94,24.33,24.31,23.09,21.6,21.77,21.37,20.83,19.9,19.49,18.76,18.64,18.46,18.23,18.35,18.21,18.16,19.7,19.95,20.74
101,Furniture and furnishings,Germany,32.93,31.84,31.96,31.95,31.74,31.13,30.63,30.33,24.36,24.57,24.4,24.08,21.97,19.78,20.26,20.0,20.83,20.91,20.99,18.61,18.71,20.35,19.19,26.67
102,Furniture and furnishings,Spain,14.14,18.5,18.63,18.54,17.47,17.5,16.66,15.98,17.48,18.9,17.38,16.23,15.65,14.95,13.84,14.58,14.55,12.08,11.9,12.66,12.1,11.68,11.81,14.37
103,Furniture and furnishings,France,19.69,18.73,18.74,18.01,16.6,15.32,15.93,16.36,16.46,16.94,16.36,16.84,16.99,17.12,16.65,16.01,14.35,14.32,14.62,14.82,14.41,15.0,16.47,14.84
104,Carpets and other floor coverings,European Union - 27 countries (from 2020),,2.72,2.81,2.67,2.54,2.5,2.46,2.38,2.02,2.0,1.95,1.83,1.73,1.46,1.44,1.45,1.58,1.51,1.52,1.67,1.65,1.81,1.7,1.43
105,Carpets and other floor coverings,Germany,5.23,4.93,5.02,4.98,4.93,4.84,4.75,4.76,3.43,3.46,3.39,3.31,2.99,1.85,1.93,1.84,1.96,1.86,1.94,2.92,2.94,3.2,3.03,2.0
106,Carpets and other floor coverings,Spain,0.38,0.47,0.45,0.45,0.42,0.41,0.4,0.44,0.48,0.52,0.54,0.48,0.48,0.47,0.4,0.4,0.4,0.44,0.44,0.46,0.42,0.39,0.0,0.0
107,Carpets and other floor coverings,France,1.4,1.34,1.34,1.22,1.18,1.2,1.23,1.19,1.21,1.25,1.23,1.14,1.08,1.08,1.07,1.21,1.57,1.57,1.53,1.52,1.52,1.56,1.61,1.66
108,"Repair of furniture, furnishings and floor coverings",European Union - 27 countries (from 2020),,1.09,0.98,1.03,1.08,1.08,1.06,0.85,0.85,0.82,0.78,0.63,0.58,0.52,0.51,0.4,0.49,0.47,0.46,0.41,0.39,0.33,0.35,0.38
109,"Repair of furniture, furnishings and floor coverings",Germany,1.42,1.36,1.36,1.36,1.35,1.32,1.3,1.31,1.36,1.38,1.38,1.36,1.22,0.95,0.97,0.51,0.52,0.52,0.53,0.36,0.36,0.4,0.37,0.55
110,"Repair of furniture, furnishings and floor coverings",Spain,0.9,0.0,0.0,0.0,0.0,0.0,0.0,0.0,0.0,0.0,0.0,0.0,0.0,0.0,0.0,0.0,0.0,0.0,0.0,0.0,0.0,0.0,0.0,0.0
111,"Repair of furniture, furnishings and floor coverings",France,1.05,0.97,1.11,1.13,1.04,1.32,1.26,1.24,1.29,1.34,1.3,0.73,0.69,0.69,0.67,0.66,1.3,1.24,1.25,1.14,1.12,1.02,1.15,1.18
112,Household textiles,European Union - 27 countries (from 2020),,5.97,5.99,5.72,5.59,5.34,5.22,5.18,4.96,4.96,4.97,4.81,4.91,4.89,4.63,4.44,4.35,4.5,4.6,4.66,4.64,4.79,4.62,5.06
113,Household textiles,Germany,5.72,5.4,5.38,5.32,5.24,5.12,4.98,4.87,4.4,4.36,4.36,4.31,4.29,4.13,4.12,4.17,4.14,4.1,4.48,4.49,4.5,4.67,4.51,6.31
114,Household textiles,Spain,5.05,5.68,5.55,5.47,5.63,5.67,5.6,5.4,5.88,6.28,6.28,6.21,6.04,5.85,5.6,4.07,4.13,5.27,5.19,4.96,5.09,4.49,4.58,3.93
115,Household textiles,France,6.32,5.63,6.11,5.78,5.67,4.74,4.7,4.8,4.72,4.91,4.74,4.77,4.86,5.25,4.97,4.67,4.19,4.31,4.33,4.09,4.02,4.23,3.91,3.46
116,Major household appliances whether electric or not,European Union - 27 countries (from 2020),,10.55,10.51,10.35,10.19,10.06,10.08,9.64,9.39,9.43,9.23,8.83,8.69,9.18,9.25,8.99,8.89,8.88,8.76,9.13,9.25,10.63,10.62,9.29
117,Major household appliances whether electric or not,Germany,12.08,11.47,11.22,11.0,10.74,10.26,9.85,9.58,8.2,8.13,8.02,7.82,7.63,9.85,9.84,10.29,10.14,9.94,9.63,9.85,9.71,11.09,10.25,9.02
118,Major household appliances whether electric or not,Spain,7.96,9.82,9.55,9.66,9.41,9.09,9.11,9.33,9.97,10.76,9.86,9.48,9.22,8.86,8.41,8.26,8.37,7.74,7.74,7.64,8.02,7.63,7.71,8.07
119,Major household appliances whether electric or not,France,10.85,10.94,11.18,10.48,10.2,9.44,9.63,9.39,9.82,9.42,9.51,9.32,9.39,9.42,9.58,9.35,8.81,8.49,8.53,8.74,8.63,10.1,10.41,9.44
120,Small electric household appliances,European Union - 27 countries (from 2020),,,,,,,,,,,,,,,,,,2.17,2.15,2.36,2.39,2.71,2.72,2.36
121,Small electric household appliances,Germany,,,,,,,,,,,,,,,,2.56,2.53,2.53,2.42,3.1,3.05,3.56,3.24,2.87
122,Small electric household appliances,Spain,,,,,,,,,,,,,,,,,0.87,1.42,1.53,1.46,1.53,1.41,1.02,2.04
123,Small electric household appliances,France,2.84,2.81,2.89,2.67,2.79,1.57,1.72,1.73,1.82,1.79,1.89,1.96,2.01,2.05,2.15,2.03,2.2,2.1,2.09,2.13,2.0,2.41,2.68,2.44
124,Repair of household appliances,European Union - 27 countries (from 2020),,1.3,1.4,1.21,1.18,1.19,1.2,1.05,0.92,0.9,0.84,0.88,0.8,0.76,0.68,0.68,0.75,0.77,0.71,0.68,0.67,0.65,0.6,0.53
125,Repair of household appliances,Germany,1.27,1.23,1.25,1.27,1.28,1.28,1.28,1.28,0.89,0.89,0.89,0.88,0.8,0.51,0.51,0.54,0.52,0.51,0.5,0.49,0.48,0.52,0.48,0.37
126,Repair of household appliances,Spain,1.38,0.82,0.83,0.83,0.86,0.86,0.83,0.71,0.78,0.84,0.9,0.93,0.94,1.03,1.05,1.07,0.89,1.67,1.48,1.47,1.4,1.28,1.29,0.78
127,Repair of household appliances,France,0.88,0.83,0.85,0.81,0.77,0.78,0.76,0.72,0.68,0.66,0.64,0.34,0.34,0.32,0.3,0.32,1.04,1.08,0.89,0.89,0.94,1.03,0.98,0.98
128,"Glassware, tableware and household utensils",European Union - 27 countries (from 2020),,5.78,5.96,5.83,5.82,5.96,6.01,5.68,5.44,5.47,5.53,5.31,5.25,5.36,5.22,5.11,5.22,5.28,5.42,5.35,5.35,5.91,5.94,6.07
129,"Glassware, tableware and household utensils",Germany,5.78,5.56,5.61,5.64,5.6,5.5,5.4,5.35,4.49,4.51,4.62,4.58,3.99,3.98,4.1,4.36,4.27,4.25,4.86,4.43,4.19,5.11,5.3,7.9
130,"Glassware, tableware and household utensils",Spain,3.66,1.93,1.92,1.92,1.71,1.69,1.64,1.82,1.98,2.14,2.05,2.07,2.04,1.98,1.96,1.98,1.96,2.1,2.26,2.27,2.24,2.22,2.07,2.58
131,"Glassware, tableware and household utensils",France,5.95,5.65,5.63,5.42,5.39,6.52,6.73,6.66,6.67,6.8,6.85,6.57,6.6,7.12,7.16,7.02,8.0,7.86,7.84,7.74,7.71,8.13,8.08,7.12
132,Major tools and equipment,European Union - 27 countries (from 2020),,,,,,,,,,,,,,,,,,1.51,1.4,1.51,1.57,1.84,1.78,1.52
133,Major tools and equipment,Germany,,,,,,,,,,,,,,,,2.0,1.98,1.96,1.95,2.22,2.21,2.59,2.56,2.05
134,Major tools and equipment,Spain,,,,,,,,,,,,,,,,,0.31,0.32,0.33,0.35,0.4,0.33,0.0,0.0
135,Major tools and equipment,France,1.14,1.1,1.14,1.06,1.09,2.14,2.45,2.35,2.36,2.43,2.51,2.71,2.57,3.38,3.36,3.41,2.98,2.99,2.61,2.47,2.54,2.85,2.77,2.63
136,Small tools and miscellaneous accessories,European Union - 27 countries (from 2020),,,,,,,,,,,,,,,,,,2.96,2.95,3.16,3.19,3.61,3.6,3.3
137,Small tools and miscellaneous accessories,Germany,,,,,,,,,,,,,,,,4.25,4.13,4.0,4.08,5.09,5.16,5.89,5.87,4.58
138,Small tools and miscellaneous accessories,Spain,,,,,,,,,,,,,,,,,1.77,1.84,1.84,1.85,1.84,1.97,1.82,4.0
139,Small tools and miscellaneous accessories,France,2.36,2.25,2.35,2.28,2.23,2.48,2.55,2.6,2.72,2.71,2.73,2.64,2.64,2.52,2.55,2.53,2.83,2.74,2.66,2.61,2.41,2.7,2.73,2.27
140,Non-durable household goods,European Union - 27 countries (from 2020),,11.13,10.86,10.81,10.67,10.6,10.47,10.53,10.59,10.96,11.13,10.95,10.9,11.05,11.03,10.8,9.86,9.6,9.55,9.41,9.64,11.02,10.83,10.43
141,Non-durable household goods,Germany,7.16,6.85,6.88,6.74,6.62,6.36,6.13,6.09,5.41,5.44,5.47,5.35,5.45,5.6,5.6,5.74,5.83,5.39,5.51,4.61,4.71,5.1,5.09,6.31
142,Non-durable household goods,Spain,14.08,15.37,15.16,15.29,15.75,15.22,14.65,14.59,15.81,17.04,17.27,17.03,16.54,16.39,16.61,16.74,16.27,13.4,13.23,13.24,13.34,17.42,14.83,10.23
143,Non-durable household goods,France,8.67,8.81,8.92,9.0,8.85,10.72,10.4,10.47,10.72,11.07,11.1,10.89,11.11,12.41,12.75,12.33,9.25,9.11,9.12,8.96,8.97,9.43,9.25,9.5
144,Domestic services and household services,European Union - 27 countries (from 2020),,7.37,7.31,7.59,7.98,7.5,7.27,7.37,7.55,8.01,8.11,7.7,7.75,7.89,8.11,8.14,8.28,7.91,7.71,7.68,7.33,7.41,7.12,7.43
145,Domestic services and household services,Germany,2.55,2.49,2.49,2.52,2.53,2.52,2.5,2.49,3.0,2.97,2.99,2.95,2.92,3.43,3.43,3.4,3.62,3.3,3.39,4.02,3.96,4.29,4.25,5.31
146,Domestic services and household services,Spain,9.73,7.79,7.89,8.72,9.27,9.37,9.5,10.56,11.53,12.46,12.67,13.28,13.23,13.05,12.87,12.61,12.82,12.26,12.37,11.88,12.58,11.72,12.6,14.94
147,Domestic services and household services,France,12.32,12.04,12.19,12.72,13.32,10.13,9.85,9.93,9.43,9.93,10.28,5.76,6.3,6.77,6.88,6.31,5.12,4.82,4.57,4.59,2.4,2.43,1.91,2.52
148,Pharmaceutical products,European Union - 27 countries (from 2020),,13.72,13.54,13.65,14.47,14.84,14.71,14.16,13.36,13.71,14.05,14.04,14.26,13.85,14.5,15.16,15.43,15.43,15.21,15.16,15.36,16.99,17.27,15.59
149,Pharmaceutical products,Germany,12.14,11.7,11.66,11.21,11.1,13.06,12.83,12.99,11.06,11.3,11.39,11.42,12.03,11.64,12.34,13.58,13.6,13.48,13.24,10.94,11.26,12.04,12.29,9.63
150,Pharmaceutical products,Spain,5.26,10.25,10.13,10.17,9.71,9.76,9.82,10.09,9.85,9.07,8.87,8.55,8.2,8.91,9.23,9.89,9.89,10.12,10.14,9.74,10.21,9.92,11.36,8.56
151,Pharmaceutical products,France,12.05,13.29,13.46,13.83,14.33,13.37,13.35,12.56,12.88,13.26,13.53,13.56,13.2,13.05,12.55,12.4,13.34,12.33,12.16,11.32,10.82,11.29,9.93,10.02
152,Other medical products,European Union - 27 countries (from 2020),,,,,,,,,,,,,,,,,,1.02,1.27,0.96,0.97,1.11,1.47,2.4
153,Other medical products,Germany,,,,,,,,,,,,,,,,1.49,1.5,1.49,1.46,1.23,1.28,1.42,1.43,6.47
154,Other medical products,Spain,,,,,,,,,,,,,,,,,0.52,0.53,0.54,0.5,0.5,0.51,3.5,2.07
155,Other medical products,France,0.9,0.86,0.97,1.01,1.08,0.11,0.11,0.13,0.14,0.15,0.16,0.27,0.29,0.33,0.32,0.29,0.66,0.65,0.7,0.69,0.7,0.71,1.28,0.77
156,Therapeutic appliances and equipment,European Union - 27 countries (from 2020),,,,,,,,,,,,,,,,,,6.12,6.19,6.39,6.52,6.78,7.02,6.14
157,Therapeutic appliances and equipment,Germany,,,,,,,,,,,,,,,,10.45,10.75,10.7,10.47,9.7,9.97,10.82,10.98,7.58
158,Therapeutic appliances and equipment,Spain,,,,,,,,,,,,,,,,,6.64,8.52,8.47,13.0,13.64,13.95,13.65,15.46
159,Therapeutic appliances and equipment,France,2.9,2.94,3.25,3.58,3.7,6.16,6.06,5.82,5.89,6.01,6.03,6.32,6.44,6.73,6.92,7.14,6.53,6.53,6.5,6.4,6.52,6.62,7.08,7.11
160,Medical services,European Union - 27 countries (from 2020),,,,,,,,,,,,,,,,,,7.61,7.5,8.08,8.28,8.48,8.73,8.91
161,Medical services,Germany,,,,,,,,,,,,,,,,8.61,9.38,9.54,9.34,11.98,12.5,13.17,13.12,11.53
162,Medical services,Spain,,,,,,,,,,,,,,,,,2.55,1.81,1.85,2.05,2.02,2.09,2.09,14.45
163,Medical services,France,7.66,7.25,7.17,7.68,7.35,6.91,6.9,7.65,7.05,7.28,7.45,7.59,7.38,7.46,7.54,7.8,9.95,9.83,10.35,9.74,9.93,9.62,10.87,9.0
164,Dental services,European Union - 27 countries (from 2020),,6.21,6.24,6.07,6.23,6.51,6.55,6.59,6.86,7.36,7.61,7.63,7.84,7.61,7.6,7.48,7.63,8.16,8.05,8.16,8.21,8.31,8.61,7.99
165,Dental services,Germany,6.13,6.0,6.0,6.04,6.0,6.47,6.5,6.52,6.13,6.15,6.05,6.03,7.56,6.28,5.99,5.85,6.3,6.39,6.25,7.63,8.02,7.94,8.33,7.15
166,Dental services,Spain,9.11,6.4,6.42,6.43,6.57,6.54,6.83,7.75,8.84,9.53,10.36,10.35,10.29,10.1,10.5,10.58,10.98,13.71,13.54,7.94,7.87,8.02,8.11,7.53
167,Dental services,France,5.79,5.6,5.45,5.58,5.66,6.82,6.76,6.74,6.76,6.81,6.84,7.02,7.01,7.13,7.32,7.41,7.52,7.54,7.61,7.4,7.16,7.18,7.82,7.44
168,Paramedical services,European Union - 27 countries (from 2020),,,,,,,,,,,,,,,,,,4.39,4.34,3.86,3.97,3.97,4.1,4.09
169,Paramedical services,Germany,,,,,,,,,,,,,,,,5.12,5.64,5.67,5.57,3.12,3.33,3.36,3.37,3.38
170,Paramedical services,Spain,,,,,,,,,,,,,,,,,3.29,2.21,2.23,2.2,2.21,2.35,2.35,3.28
171,Paramedical services,France,2.44,2.56,2.55,2.65,2.97,3.13,3.23,3.35,3.43,3.73,3.99,4.25,4.36,4.61,4.76,4.95,5.63,5.51,5.73,5.32,5.58,5.64,6.41,5.82
172,Hospital services,European Union - 27 countries (from 2020),,5.72,5.87,5.74,5.87,5.3,4.74,5.51,5.2,5.4,5.49,4.8,5.43,5.32,5.44,6.05,6.34,6.45,6.25,6.37,6.22,6.48,6.32,7.13
173,Hospital services,Germany,0.0,6.4,6.51,6.57,6.72,7.77,7.71,7.57,6.8,7.01,6.95,6.78,8.74,7.59,7.51,7.65,8.24,7.78,7.59,7.6,7.47,7.89,7.98,10.27
174,Hospital services,Spain,0.0,0.98,1.01,1.01,0.96,0.97,1.0,0.96,1.1,1.19,1.2,1.25,1.25,1.21,1.19,1.16,1.24,1.51,1.51,1.5,1.52,1.59,1.59,8.07
175,Hospital services,France,0.0,8.53,8.65,8.39,9.22,5.02,5.58,6.18,6.29,6.21,6.56,2.31,2.3,2.27,2.31,2.34,2.23,2.19,2.16,1.93,2.1,2.37,2.1,2.08
176,Motor cars,European Union - 27 countries (from 2020),,42.11,42.17,42.15,41.91,41.68,42.04,41.1,41.55,40.44,36.95,37.11,34.77,32.67,30.24,31.33,34.02,34.58,36.73,37.31,37.47,35.49,34.85,32.9
177,Motor cars,Germany,39.14,37.56,37.69,37.56,37.75,36.92,36.78,36.73,39.52,39.18,38.43,37.82,33.08,34.99,33.2,33.21,34.98,36.6,38.63,39.37,39.55,41.79,38.54,33.73
178,Motor cars,Spain,49.15,65.96,65.53,65.04,57.03,56.58,58.94,52.41,51.19,47.65,39.9,36.87,36.19,32.68,33.14,35.42,40.24,32.89,34.49,34.43,33.81,25.42,27.46,29.61
179,Motor cars,France,45.54,44.48,43.48,44.27,43.39,44.82,43.74,44.16,42.88,42.93,40.69,42.51,40.48,36.53,33.45,34.28,37.9,37.81,40.61,41.2,40.04,34.85,32.9,28.2
180,Motor cycles,European Union - 27 countries (from 2020),,,,,,,,,,,,,,,,,,1.61,1.7,1.77,1.82,2.06,2.02,2.59
181,Motor cycles,Germany,,,,,,,,,,,,,,,,1.56,1.65,1.73,1.82,2.37,2.4,2.86,2.66,5.11
182,Motor cycles,Spain,,,,,,,,,,,,,,,,,1.64,1.28,1.4,1.24,1.36,1.38,1.42,1.61
183,Motor cycles,France,2.36,2.55,2.41,2.32,2.19,2.11,2.09,2.12,2.24,2.21,2.29,1.78,1.65,1.68,1.6,1.41,1.55,1.54,1.67,1.68,1.61,1.84,1.69,1.78
184,Bicycles,European Union - 27 countries (from 2020),,,,,,,,,,,,,,,,,,1.57,1.67,1.32,1.25,1.58,1.6,1.71
185,Bicycles,Germany,,,,,,,,,,,,,,,,1.86,1.99,2.04,2.12,1.1,1.11,1.36,1.26,1.67
186,Bicycles,Spain,,,,,,,,,,,,,,,,,0.41,0.71,0.68,0.63,0.69,0.61,0.64,0.75
187,Bicycles,France,1.4,1.44,1.43,1.2,1.34,1.43,1.49,1.41,1.46,1.47,1.49,1.42,1.37,1.47,1.39,1.42,0.95,0.97,1.01,1.1,1.13,1.31,1.57,1.68
188,Animal drawn vehicles,European Union - 27 countries (from 2020),,,,,,,,,,,,,,,,,,0.0,0.0,0.0,0.0,0.0,0.0,0.0
189,Animal drawn vehicles,Germany,,,,,,,,,,,,,,,,0.0,0.0,0.0,0.0,0.0,0.0,0.0,0.0,0.0
190,Animal drawn vehicles,Spain,,,,,,,,,,,,,,,,,0.0,0.0,0.0,0.0,0.0,0.0,0.0,0.0
191,Animal drawn vehicles,France,0.0,0.0,0.0,0.0,0.0,0.0,0.0,0.0,0.0,0.0,0.0,0.0,0.0,0.0,0.0,0.0,0.0,0.0,0.0,0.0,0.0,0.0,0.0,0.0
192,Spare parts and accessories for personal transport equipment,European Union - 27 countries (from 2020),,5.53,5.47,5.28,5.29,5.39,5.3,5.33,5.74,5.83,5.81,5.7,7.57,5.63,5.4,5.64,6.21,6.22,6.16,6.15,6.28,6.37,6.68,7.59
193,Spare parts and accessories for personal transport equipment,Germany,6.32,6.09,6.06,6.04,6.01,5.88,5.82,5.86,7.51,7.57,7.6,7.64,7.32,8.52,8.13,8.33,8.57,8.21,7.76,7.34,7.73,7.49,8.04,10.81
194,Spare parts and accessories for personal transport equipment,Spain,3.77,1.39,1.36,1.35,1.33,1.34,1.38,1.3,1.41,1.5,1.52,1.64,1.65,1.55,1.59,1.67,1.68,1.86,1.88,1.8,1.9,1.79,2.15,5.7
195,Spare parts and accessories for personal transport equipment,France,6.83,6.58,6.31,6.3,6.33,6.77,5.96,6.69,6.76,7.28,7.1,6.53,15.95,2.63,1.28,2.94,5.13,5.1,5.22,5.46,5.59,5.91,6.01,6.02
196,Fuels and lubricants for personal transport equipment,European Union - 27 countries (from 2020),,40.87,35.69,37.92,37.96,40.61,43.22,44.31,45.56,39.7,42.79,47.21,49.39,50.7,48.55,46.06,41.66,42.16,42.89,43.65,44.29,37.7,45.34,43.16
197,Fuels and lubricants for personal transport equipment,Germany,37.09,38.76,35.68,38.62,39.28,39.53,43.96,42.83,43.34,36.55,40.56,44.7,41.28,46.34,42.25,39.41,36.37,39.82,39.08,40.97,37.66,33.42,41.09,42.4
198,Fuels and lubricants for personal transport equipment,Spain,42.66,56.28,47.65,51.98,50.01,50.22,53.0,55.34,57.6,60.24,58.28,60.36,65.26,69.8,69.72,68.83,63.54,56.03,57.8,61.87,62.49,51.88,55.36,47.61
199,Fuels and lubricants for personal transport equipment,France,43.62,44.88,37.61,38.62,37.44,42.56,44.44,41.49,43.3,37.21,37.88,44.02,46.81,45.72,43.94,38.73,39.86,36.08,38.95,39.8,41.16,31.97,41.01,39.9
200,Maintenance and repair of personal transport equipment,European Union - 27 countries (from 2020),,25.6,26.05,26.83,27.31,27.2,27.06,27.14,25.67,26.2,26.34,25.5,23.38,25.5,25.56,24.82,22.59,23.66,23.14,23.15,23.18,22.99,22.94,24.44
201,Maintenance and repair of personal transport equipment,Germany,27.75,26.95,27.27,27.73,27.95,27.96,27.88,27.95,23.28,23.68,23.74,23.61,21.9,22.59,22.28,22.21,20.68,21.69,20.66,18.29,19.3,18.14,19.19,24.0
202,Maintenance and repair of personal transport equipment,Spain,17.36,14.96,15.15,14.94,15.39,15.08,15.39,16.0,17.24,18.23,19.28,21.01,21.45,21.29,21.3,19.78,20.45,28.81,25.45,29.17,28.31,30.77,26.95,32.69
203,Maintenance and repair of personal transport equipment,France,44.71,43.85,45.41,46.3,47.58,47.51,47.57,47.92,47.22,49.46,48.53,41.5,33.49,44.29,44.85,43.61,31.94,32.35,33.66,34.9,36.32,38.52,39.09,38.38
204,Other services in respect of personal transport equipment,European Union - 27 countries (from 2020),,9.25,9.32,9.25,9.29,9.07,9.34,9.11,7.17,7.5,9.4,9.1,8.69,10.3,10.24,10.14,10.94,10.89,10.83,10.99,11.47,11.09,11.68,11.68
205,Other services in respect of personal transport equipment,Germany,14.99,14.54,14.38,14.37,14.28,14.11,13.93,13.86,6.76,6.89,14.27,14.02,13.29,17.67,17.42,15.59,15.88,15.38,14.67,15.22,15.66,15.5,16.64,17.29
206,Other services in respect of personal transport equipment,Spain,4.98,3.13,3.18,3.13,3.01,3.04,3.1,3.0,3.25,3.43,3.5,3.44,3.36,3.35,3.36,4.16,4.21,3.67,3.94,3.59,3.99,3.77,3.23,7.13
207,Other services in respect of personal transport equipment,France,10.93,10.99,11.14,10.98,11.24,11.22,10.84,10.95,10.77,11.22,12.87,10.85,9.36,12.37,12.31,12.5,16.17,16.4,16.47,16.48,16.78,15.56,16.45,17.34
208,Passenger transport by railway,European Union - 27 countries (from 2020),,4.11,4.11,3.96,4.04,4.15,4.04,4.22,4.38,4.42,4.65,4.73,4.72,5.14,5.28,5.67,5.9,5.89,5.95,5.07,5.02,3.5,3.56,5.34
209,Passenger transport by railway,Germany,5.86,5.66,5.53,5.57,5.7,5.93,6.07,5.97,6.66,6.85,6.88,6.81,7.03,8.49,8.66,9.06,8.64,8.87,9.3,5.52,5.41,3.88,4.18,8.68
210,Passenger transport by railway,Spain,1.88,1.55,1.55,1.55,1.58,1.58,1.52,1.5,1.63,1.74,1.89,1.96,1.95,2.06,2.08,2.08,2.17,2.94,3.04,2.95,3.0,1.97,2.15,3.24
211,Passenger transport by railway,France,5.06,5.02,5.35,4.98,5.13,4.98,5.04,5.09,5.05,5.11,5.57,5.97,5.91,5.7,5.9,5.95,7.45,7.12,6.72,7.11,7.08,4.54,5.6,8.07
212,Passenger transport by road,European Union - 27 countries (from 2020),,5.88,5.76,5.81,6.08,6.07,5.87,5.79,5.8,5.88,6.11,5.87,5.89,6.36,6.36,6.54,6.49,6.61,6.46,6.31,6.03,4.29,4.4,5.63
213,Passenger transport by road,Germany,2.21,2.2,2.25,2.3,2.31,2.3,2.3,2.35,1.28,1.31,1.31,1.3,1.44,1.46,1.48,1.63,1.73,1.61,1.63,1.49,1.6,1.06,1.22,2.93
214,Passenger transport by road,Spain,12.08,5.7,5.89,5.82,5.72,5.83,5.7,5.48,5.85,6.15,6.65,6.66,6.54,6.72,6.9,7.09,6.95,8.51,8.65,8.48,9.04,5.45,6.09,6.69
215,Passenger transport by road,France,8.31,8.09,8.27,8.33,8.41,5.86,6.01,5.86,5.96,5.87,5.91,5.97,6.22,6.57,6.72,6.75,7.27,7.79,8.24,7.76,8.33,6.17,6.73,8.5
216,Passenger transport by air,European Union - 27 countries (from 2020),,4.22,4.67,4.41,4.35,4.6,4.75,4.8,4.73,5.49,5.19,5.39,5.9,6.05,6.01,6.39,6.37,6.77,6.97,7.41,7.96,3.28,3.92,6.51
217,Passenger transport by air,Germany,2.87,2.91,3.03,2.93,2.99,3.25,3.26,3.2,3.01,3.33,3.28,3.21,3.84,3.64,3.43,3.75,3.54,3.57,3.79,6.23,6.87,4.96,5.21,7.21
218,Passenger transport by air,Spain,1.57,1.87,2.02,1.89,1.97,2.21,2.33,2.62,2.81,3.23,3.34,3.31,3.39,3.49,3.58,3.68,3.61,5.53,5.71,5.6,5.98,2.52,2.87,3.41
219,Passenger transport by air,France,6.51,7.56,8.84,7.79,7.78,7.17,8.2,8.54,8.99,9.8,10.05,9.71,9.75,10.49,10.49,10.95,10.63,10.97,10.93,11.32,12.17,3.93,5.13,11.81
220,Passenger transport by sea and inland waterway,European Union - 27 countries (from 2020),,0.87,0.85,0.88,0.86,0.86,0.83,0.85,0.68,0.71,0.7,0.71,0.89,0.87,0.88,0.69,0.72,0.7,0.73,0.61,0.58,0.52,0.44,0.7
221,Passenger transport by sea and inland waterway,Germany,1.2,1.18,1.16,1.26,1.08,1.09,1.09,1.12,0.71,0.73,0.74,0.69,0.78,0.8,0.76,1.0,0.91,0.83,0.94,0.6,0.63,0.5,0.48,1.02
222,Passenger transport by sea and inland waterway,Spain,0.19,0.18,0.18,0.18,0.19,0.2,0.21,0.22,0.24,0.25,0.27,0.29,0.31,0.32,0.34,0.34,0.35,0.61,0.6,0.58,0.58,0.35,0.41,0.45
223,Passenger transport by sea and inland waterway,France,0.46,0.45,0.44,0.41,0.44,0.43,0.43,0.4,0.39,0.39,0.41,0.43,0.42,0.44,0.42,0.39,0.46,0.45,0.4,0.41,0.4,0.38,0.16,0.34
224,Combined passenger transport,European Union - 27 countries (from 2020),,5.38,5.45,5.16,5.25,5.09,5.1,5.01,4.81,4.78,4.88,4.77,5.19,5.45,5.63,5.69,5.29,5.58,5.61,5.52,5.5,4.35,4.17,3.98
225,Combined passenger transport,Germany,9.47,9.35,9.62,9.76,9.94,10.13,10.26,10.48,10.14,10.4,10.57,10.63,10.7,12.69,13.16,14.04,13.64,13.78,14.04,13.52,13.86,10.14,10.62,10.59
226,Combined passenger transport,Spain,0.0,1.44,1.4,1.4,1.49,1.49,1.56,1.64,1.76,1.86,2.05,2.21,2.35,2.48,2.63,2.68,2.79,4.14,4.07,4.26,4.4,2.6,2.9,2.62
227,Combined passenger transport,France,3.71,3.66,3.77,3.8,3.92,2.42,2.44,2.43,2.37,2.42,2.48,2.29,2.3,2.52,2.67,2.81,2.02,1.92,2.05,2.05,2.09,1.45,1.37,1.83
228,Other purchased transport services,European Union - 27 countries (from 2020),,0.75,0.71,0.68,0.68,0.65,0.63,0.67,0.63,0.64,0.63,0.7,0.68,0.7,0.8,0.96,1.01,0.97,1.0,0.97,0.97,1.16,0.78,0.93
229,Other purchased transport services,Germany,0.73,0.7,0.71,0.71,0.7,0.68,0.68,0.67,0.57,0.57,0.56,0.55,0.63,0.55,0.56,0.66,0.65,0.66,0.67,0.4,0.41,0.29,0.31,0.73
230,Other purchased transport services,Spain,0.0,0.0,0.0,0.0,0.0,0.0,0.0,0.0,0.0,0.0,0.0,0.0,0.0,0.0,0.0,0.0,0.0,0.13,0.13,0.13,0.14,0.13,0.0,0.0
231,Other purchased transport services,France,0.79,0.78,0.83,0.84,0.85,0.84,0.81,0.8,0.75,0.77,0.7,0.67,0.7,0.72,0.68,0.67,0.65,0.66,0.68,0.68,0.7,0.49,0.69,0.89
232,Postal services,European Union - 27 countries (from 2020),,1.86,1.81,1.83,1.83,2.04,1.81,1.77,1.56,1.52,1.53,1.51,1.43,1.52,1.51,1.51,1.5,1.54,1.5,1.25,1.3,1.43,1.42,1.18
233,Postal services,Germany,3.17,3.05,3.06,3.05,3.03,2.97,2.95,2.9,2.4,2.38,2.37,2.36,2.28,2.67,2.56,2.62,2.74,2.85,3.02,2.02,2.31,2.48,2.43,2.01
234,Postal services,Spain,0.46,0.31,0.3,0.3,0.33,0.33,0.32,0.23,0.23,0.23,0.24,0.24,0.24,0.24,0.24,0.24,0.26,0.26,0.26,0.27,0.28,0.25,0.0,0.0
235,Postal services,France,2.43,2.43,2.34,2.32,2.51,2.43,2.43,2.41,2.22,2.19,2.15,2.13,2.02,1.99,2.02,2.03,1.83,1.87,1.69,1.62,1.58,1.57,1.48,1.31
236,Telephone and telefax equipment,European Union - 27 countries (from 2020),,,,,,,,,,,,,,,,,,3.43,3.42,3.68,3.59,4.34,4.29,4.13
237,Telephone and telefax equipment,Germany,1.95,1.69,1.65,1.53,1.41,1.23,0.99,0.9,0.97,0.87,0.8,0.73,1.52,1.57,1.69,1.57,1.77,1.87,2.03,3.2,3.04,3.39,3.51,4.03
238,Telephone and telefax equipment,Spain,,0.75,0.74,0.79,0.86,0.91,0.98,0.86,0.89,0.83,0.68,0.61,0.59,0.6,0.64,0.74,0.84,2.92,2.89,3.02,3.19,2.72,3.13,3.04
239,Telephone and telefax equipment,France,0.8,0.94,0.66,0.61,0.47,2.0,1.7,1.64,2.03,1.59,1.47,1.26,1.25,1.42,1.9,2.14,4.72,4.83,5.01,4.36,3.68,4.86,4.74,4.44
240,Telephone and telefax services,European Union - 27 countries (from 2020),,,,,,,,,,,,,,,,,,27.76,27.52,25.77,25.52,27.24,25.85,22.12
241,Telephone and telefax services,Germany,27.94,22.43,21.67,22.03,22.05,21.27,20.36,19.71,27.75,26.52,25.62,24.47,26.38,27.4,27.79,28.81,27.46,27.94,28.87,23.71,24.24,24.28,23.5,16.05
242,Telephone and telefax services,Spain,,24.57,23.43,25.53,27.52,28.27,30.3,33.93,34.98,35.47,37.49,38.52,37.26,36.78,35.82,33.67,33.06,31.55,31.94,32.67,33.5,33.31,31.57,29.37
243,Telephone and telefax services,France,24.13,23.87,23.72,25.32,24.56,27.14,27.43,28.07,30.85,28.71,29.37,29.21,27.88,25.22,24.86,24.49,25.61,25.15,23.18,22.67,22.34,25.82,24.1,21.83
244,"Equipment for the reception, recording and reproduction of sound and picture",European Union - 27 countries (from 2020),,6.23,6.2,6.04,5.77,5.51,5.62,5.46,5.43,5.13,5.05,5.2,5.27,5.22,5.24,4.69,4.69,4.5,4.39,4.23,4.12,4.95,4.74,5.16
245,"Equipment for the reception, recording and reproduction of sound and picture",Germany,8.14,7.67,7.38,7.12,6.76,6.24,5.64,5.07,3.91,3.41,3.1,2.86,4.07,5.13,5.41,5.06,5.16,4.9,5.21,5.35,5.43,6.12,5.67,8.14
246,"Equipment for the reception, recording and reproduction of sound and picture",Spain,3.6,4.89,4.59,4.8,4.54,4.55,4.86,4.73,5.01,4.97,5.0,5.07,5.74,5.15,4.73,4.27,4.17,4.23,4.14,4.03,3.8,3.6,3.09,3.47
247,"Equipment for the reception, recording and reproduction of sound and picture",France,8.06,8.37,8.39,7.68,6.82,6.21,7.71,7.6,9.01,8.13,7.5,8.0,7.64,7.13,6.06,5.25,4.07,4.06,3.46,3.18,2.26,2.77,2.74,2.28
248,Photographic and cinematographic equipment and optical instruments,European Union - 27 countries (from 2020),,1.66,1.65,1.55,1.52,1.42,1.58,1.63,1.79,1.62,1.59,1.56,1.4,1.28,1.23,1.17,1.18,1.16,1.08,0.78,0.75,0.78,0.66,0.59
249,Photographic and cinematographic equipment and optical instruments,Germany,2.41,2.29,2.22,2.13,1.98,1.78,1.57,1.47,2.0,1.78,1.62,1.48,2.06,1.8,1.84,1.79,1.84,1.9,1.85,1.04,1.02,1.13,1.06,0.86
250,Photographic and cinematographic equipment and optical instruments,Spain,0.55,0.81,0.77,0.8,0.85,0.88,1.11,1.42,1.51,1.38,1.2,1.2,1.07,1.04,0.97,0.85,0.82,0.83,0.8,0.75,0.72,0.65,0.0,0.0
251,Photographic and cinematographic equipment and optical instruments,France,1.99,2.1,2.53,2.31,2.18,2.37,3.13,2.98,3.3,2.75,2.75,2.78,1.38,1.19,1.1,0.93,1.15,0.89,0.77,0.62,0.55,0.56,0.5,0.48
252,Information processing equipment,European Union - 27 countries (from 2020),,4.43,3.97,3.63,3.36,3.88,3.78,4.09,4.64,4.46,4.54,4.15,4.56,4.58,4.56,4.52,4.73,4.63,4.61,4.93,4.76,6.18,6.01,5.67
253,Information processing equipment,Germany,12.88,8.83,6.97,5.74,4.48,3.91,3.51,3.08,5.03,4.22,4.04,3.83,5.64,5.43,5.54,5.19,5.45,5.09,5.11,5.93,5.93,6.65,6.35,6.55
254,Information processing equipment,Spain,4.25,4.62,4.11,3.63,3.31,3.26,3.46,4.14,4.4,4.29,4.25,4.02,3.83,3.74,3.57,3.1,3.2,3.64,3.63,3.43,3.29,2.81,3.06,4.43
255,Information processing equipment,France,2.69,3.68,2.88,2.14,2.09,6.62,5.79,5.91,6.43,6.56,6.81,5.23,4.23,4.42,4.41,4.33,4.96,4.27,3.97,3.9,3.6,4.44,4.41,3.54
256,Recording media,European Union - 27 countries (from 2020),,3.85,4.04,4.12,4.19,3.75,3.62,3.41,3.12,2.91,2.75,2.99,2.7,2.49,2.42,2.15,2.12,1.94,1.9,1.7,1.57,1.59,1.5,1.32
257,Recording media,Germany,4.44,4.18,4.11,4.05,3.97,3.83,3.7,3.66,3.51,3.48,3.24,3.02,3.23,2.83,2.94,2.31,2.27,2.19,2.42,2.18,2.26,2.49,2.14,1.92
258,Recording media,Spain,3.26,3.21,3.13,3.19,3.18,3.07,2.95,2.64,2.81,2.65,2.27,2.18,1.96,1.88,1.79,1.69,1.68,1.48,1.45,1.45,1.33,1.27,0.84,0.94
259,Recording media,France,6.33,6.0,6.23,6.68,7.32,5.73,5.59,4.81,4.42,3.6,3.29,5.31,4.08,3.82,3.47,3.16,2.69,2.29,1.95,1.71,1.34,1.5,1.47,1.34
260,"Repair of audio-visual, photographic and information processing equipment",European Union - 27 countries (from 2020),,0.98,1.0,0.88,0.91,0.99,0.93,0.86,0.85,0.84,0.83,0.83,0.83,0.71,0.71,0.67,1.09,1.08,0.9,0.87,0.84,0.84,0.87,0.73
261,"Repair of audio-visual, photographic and information processing equipment",Germany,1.35,1.31,1.33,1.36,1.37,1.36,1.34,1.34,1.58,1.58,1.57,1.56,1.39,0.55,0.56,0.53,0.52,0.5,0.52,0.31,0.3,0.32,0.29,0.21
262,"Repair of audio-visual, photographic and information processing equipment",Spain,1.65,0.67,0.67,0.68,0.63,0.62,0.6,0.0,0.0,0.0,0.0,0.0,0.0,0.0,0.0,0.0,0.0,0.0,0.0,0.0,0.0,0.0,0.0,0.0
263,"Repair of audio-visual, photographic and information processing equipment",France,1.37,1.19,1.24,1.2,1.2,1.69,1.59,1.55,1.53,1.56,1.56,1.62,1.53,1.55,1.47,1.45,3.49,3.74,2.78,2.76,2.9,2.89,2.91,2.98
264,Major durables for outdoor recreation,European Union - 27 countries (from 2020),,,,,,,,,,,,,,,,,,1.99,1.99,2.1,2.2,2.55,2.58,2.29
265,Major durables for outdoor recreation,Germany,,,,,,,,,,,,,,,,1.87,2.09,2.01,2.16,2.3,2.25,2.42,2.63,2.35
266,Major durables for outdoor recreation,Spain,,,,,,,,,,,,,,,,,0.0,0.0,0.0,0.0,0.0,0.0,0.0,0.0
267,Major durables for outdoor recreation,France,1.67,1.75,1.85,1.74,1.74,1.5,1.89,1.94,2.09,2.11,2.01,1.81,1.87,3.1,2.86,2.77,3.46,3.81,3.98,4.22,4.33,4.83,5.15,4.39
268,Musical instruments and major durables for indoor recreation,European Union - 27 countries (from 2020),,,,,,,,,,,,,,,,,,0.81,0.84,0.68,0.72,0.74,0.68,0.82
269,Musical instruments and major durables for indoor recreation,Germany,,,,,,,,,,,,,,,,0.87,1.01,0.95,1.0,0.37,0.36,0.41,0.43,1.15
270,Musical instruments and major durables for indoor recreation,Spain,,,,,,,,,,,,,,,,,0.79,0.65,0.68,0.69,0.63,0.71,0.0,0.0
271,Musical instruments and major durables for indoor recreation,France,0.74,0.79,0.79,0.73,0.68,0.31,0.31,0.3,0.31,0.3,0.3,0.42,0.42,0.95,0.94,0.92,0.25,0.25,0.26,0.26,0.26,0.27,0.23,0.24
272,Maintenance and repair of other major durables for recreation and culture,European Union - 27 countries (from 2020),,0.05,0.05,0.03,0.06,0.06,0.03,0.03,0.03,0.04,0.03,0.06,0.07,0.06,0.06,0.15,0.32,0.32,0.33,0.4,0.38,0.36,0.37,0.24
273,Maintenance and repair of other major durables for recreation and culture,Germany,0.0,0.0,0.0,0.0,0.0,0.0,0.0,0.0,0.0,0.0,0.0,0.0,0.0,0.0,0.0,0.14,0.17,0.15,0.18,0.48,0.44,0.48,0.51,0.19
274,Maintenance and repair of other major durables for recreation and culture,Spain,0.0,0.0,0.0,0.0,0.0,0.0,0.0,0.0,0.0,0.0,0.0,0.0,0.0,0.0,0.0,0.0,0.0,0.0,0.0,0.0,0.0,0.0,0.0,0.0
275,Maintenance and repair of other major durables for recreation and culture,France,0.0,0.0,0.0,0.0,0.0,0.0,0.0,0.0,0.0,0.0,0.0,0.0,0.0,0.0,0.0,0.0,1.02,1.04,1.08,1.09,1.1,0.78,0.93,0.75
276,"Games, toys and hobbies",European Union - 27 countries (from 2020),,4.08,4.2,4.28,4.25,4.02,3.99,4.17,4.93,5.04,5.05,4.94,5.11,5.23,5.18,5.01,5.39,5.27,5.45,4.87,4.97,5.17,5.16,4.86
277,"Games, toys and hobbies",Germany,3.87,3.7,3.65,3.6,3.53,3.38,3.27,3.23,6.1,6.06,6.03,5.83,6.16,6.4,6.52,6.73,6.64,6.68,7.25,4.55,4.5,5.05,5.25,5.03
278,"Games, toys and hobbies",Spain,4.64,5.51,5.34,5.56,5.86,5.57,5.73,5.92,5.83,6.3,6.14,6.37,6.22,6.1,5.55,5.51,5.69,5.38,5.53,5.39,5.55,4.95,5.4,4.43
279,"Games, toys and hobbies",France,4.39,4.93,5.12,5.36,5.63,4.98,4.78,5.03,5.38,5.35,5.73,5.37,4.91,4.85,4.53,4.47,6.16,5.77,5.7,5.87,6.16,6.35,6.88,5.96
280,"Equipment for sport, camping and open-air recreation",European Union - 27 countries (from 2020),,2.7,2.7,2.6,2.65,2.71,2.71,2.8,2.88,2.94,2.87,2.66,2.59,2.3,2.41,2.49,3.04,3.09,3.15,3.32,3.34,3.68,3.55,3.74
281,"Equipment for sport, camping and open-air recreation",Germany,3.56,3.39,3.39,3.29,3.2,2.99,2.87,2.74,3.17,3.16,3.13,3.06,3.3,2.61,2.71,2.72,2.68,2.64,2.71,3.26,3.25,3.7,3.76,4.46
282,"Equipment for sport, camping and open-air recreation",Spain,0.7,0.69,0.67,0.69,0.69,0.67,0.69,0.73,0.78,0.83,0.85,0.91,0.96,0.93,0.92,0.93,0.97,1.47,1.39,1.37,1.44,1.49,0.7,1.32
283,"Equipment for sport, camping and open-air recreation",France,4.25,3.86,3.59,3.61,3.7,4.71,4.85,4.99,5.03,5.24,5.07,4.29,4.44,4.05,4.15,4.09,7.22,7.38,7.34,7.49,7.47,7.98,7.88,8.01
284,"Gardens, plants and flowers",European Union - 27 countries (from 2020),,6.16,5.98,5.83,5.65,5.79,5.89,6.23,6.06,6.02,6.0,6.11,5.74,5.69,5.73,5.68,5.47,5.44,5.55,5.29,5.45,6.09,5.95,5.95
285,"Gardens, plants and flowers",Germany,9.13,9.12,9.04,8.85,8.67,8.43,8.5,8.64,8.79,8.68,8.65,8.77,8.64,8.15,8.33,8.18,8.0,8.09,8.36,7.14,7.24,8.16,8.24,9.05
286,"Gardens, plants and flowers",Spain,1.1,1.5,1.55,1.67,1.66,1.67,1.69,1.82,1.93,2.11,2.03,2.05,2.03,1.96,1.95,1.98,1.96,1.9,1.91,2.04,1.91,2.0,1.56,2.38
287,"Gardens, plants and flowers",France,5.59,5.54,5.28,5.23,5.18,6.9,7.24,7.16,7.15,7.01,7.13,7.45,7.32,7.77,7.24,7.03,6.07,6.06,5.83,5.86,5.88,6.41,5.75,5.44
288,Pets and related products,European Union - 27 countries (from 2020),,,,,,,,,,,,,,,,,,4.17,4.21,4.45,4.72,5.31,5.34,6.04
289,Pets and related products,Germany,,,,,,,,,,,,,,,,4.74,4.64,4.55,4.68,5.16,5.36,5.91,6.06,7.54
290,Pets and related products,Spain,,,,,,,,,,,,,,,,,3.29,3.19,3.28,2.98,3.2,3.03,3.51,4.84
291,Pets and related products,France,3.77,3.59,3.71,3.68,3.7,3.8,3.72,3.83,3.99,4.12,4.09,4.25,4.34,4.44,4.57,4.61,4.35,4.3,4.33,4.31,4.35,4.77,4.56,4.89
292,Veterinary and other services for pets,European Union - 27 countries (from 2020),,,,,,,,,,,,,,,,,,1.85,1.91,1.81,1.87,2.14,2.2,2.75
293,Veterinary and other services for pets,Germany,,,,,,,,,,,,,,,,2.02,1.98,1.98,2.25,1.72,1.65,1.84,1.87,3.21
294,Veterinary and other services for pets,Spain,,,,,,,,,,,,,,,,,1.1,1.06,1.11,1.12,1.17,1.08,1.38,3.88
295,Veterinary and other services for pets,France,2.32,2.28,2.34,2.43,2.49,2.8,2.82,2.83,2.77,2.9,2.97,2.96,2.89,3.01,3.12,3.17,3.56,3.66,3.78,3.83,3.95,4.5,4.74,4.65
296,Recreational and sporting services,European Union - 27 countries (from 2020),,9.37,9.22,9.55,9.81,9.34,9.68,9.49,9.27,9.17,9.62,9.86,9.25,9.25,9.4,9.34,9.3,9.32,9.75,10.82,11.04,9.13,8.88,10.03
297,Recreational and sporting services,Germany,7.88,7.65,7.84,8.02,8.2,8.17,8.21,8.3,8.23,8.35,8.54,8.64,8.57,8.62,8.67,8.91,9.27,7.97,8.01,11.57,12.03,11.27,11.27,10.24
298,Recreational and sporting services,Spain,10.23,5.61,5.74,5.81,6.23,6.1,6.44,7.3,7.77,8.37,8.68,8.02,7.95,8.4,8.14,8.25,7.3,8.18,8.37,8.48,8.02,5.47,6.39,10.07
299,Recreational and sporting services,France,12.89,12.22,12.46,12.96,13.37,11.08,11.95,12.07,11.72,11.84,12.39,12.76,12.97,11.54,11.64,11.81,8.89,9.03,9.4,9.7,10.02,7.56,7.61,9.82
300,Cultural services,European Union - 27 countries (from 2020),,14.52,14.83,14.44,14.3,14.06,14.2,14.21,14.47,14.85,15.21,15.1,15.53,15.44,15.77,15.7,15.1,14.2,13.31,13.48,12.04,10.5,10.49,10.38
301,Cultural services,Germany,18.66,18.22,18.64,18.81,18.75,18.52,18.59,18.36,17.47,17.34,17.64,17.48,18.2,17.61,17.6,18.08,18.81,16.19,16.37,19.56,13.41,12.55,12.65,8.78
302,Cultural services,Spain,5.98,8.73,8.82,9.45,9.42,9.2,9.02,9.37,10.03,10.9,10.78,10.81,10.6,10.43,10.26,10.16,10.26,9.86,9.84,9.15,9.35,7.73,7.3,7.34
303,Cultural services,France,17.4,18.14,18.31,18.37,18.54,16.57,16.3,16.44,16.09,16.46,17.2,14.67,14.63,14.2,14.12,14.52,14.61,14.92,11.07,11.22,11.64,9.75,10.04,11.05
304,Books,European Union - 27 countries (from 2020),,6.49,6.63,6.67,6.85,6.83,6.67,6.31,6.08,6.01,5.89,5.98,5.77,5.8,5.89,5.65,5.36,5.01,4.79,4.32,4.37,4.54,4.47,3.81
305,Books,Germany,7.86,7.62,7.66,7.49,7.53,7.5,7.39,7.22,6.87,6.77,6.78,6.71,6.58,7.12,7.37,7.01,7.07,6.87,6.35,5.25,5.43,5.6,5.27,4.23
306,Books,Spain,8.83,6.98,7.17,7.22,7.2,7.26,7.19,7.43,7.57,7.5,7.53,7.6,7.29,7.18,7.2,6.93,6.85,6.2,6.24,5.89,6.1,5.68,5.93,4.25
307,Books,France,4.24,4.14,4.24,4.39,4.4,4.68,4.55,4.44,4.2,4.18,4.09,4.63,4.46,4.55,4.32,4.28,3.94,3.91,3.93,3.79,3.66,3.83,4.0,3.81
308,Newspapers and periodicals,European Union - 27 countries (from 2020),,9.64,9.84,9.57,9.55,9.74,9.51,9.22,8.6,8.6,8.55,8.14,7.36,7.01,6.81,6.43,6.35,5.99,5.76,5.34,5.16,5.06,4.53,4.09
309,Newspapers and periodicals,Germany,10.26,10.04,10.34,10.58,10.73,10.69,10.81,10.93,8.92,9.08,9.28,9.4,8.47,7.41,7.54,7.52,7.67,7.02,7.02,6.2,6.21,6.42,5.94,5.79
310,Newspapers and periodicals,Spain,6.33,7.82,7.77,7.93,7.9,7.82,7.71,7.22,7.58,8.25,8.13,7.73,7.16,6.89,6.83,6.32,5.77,5.11,4.68,4.39,4.5,4.19,1.66,1.14
311,Newspapers and periodicals,France,9.01,8.69,8.53,8.3,8.02,9.59,8.94,8.73,8.46,8.38,8.56,8.55,7.79,7.32,7.19,6.83,6.91,6.94,6.72,6.04,5.82,5.25,5.03,4.89
312,Miscellaneous printed matter,European Union - 27 countries (from 2020),,,,,,,,,,,,,,,,,,0.59,0.58,1.1,1.09,1.14,1.06,1.02
313,Miscellaneous printed matter,Germany,,,,,,,,,,,,,,,,0.89,0.89,0.83,0.81,3.27,3.3,3.46,3.26,3.26
314,Miscellaneous printed matter,Spain,,,,,,,,,,,,,,,,,0.0,0.0,0.0,0.0,0.0,0.0,0.0,0.0
315,Miscellaneous printed matter,France,0.73,0.71,0.71,0.64,0.58,0.71,0.7,0.72,0.74,0.73,0.77,0.87,0.86,0.86,0.82,0.82,0.82,0.83,0.84,0.76,0.73,0.66,0.53,0.71
316,Stationery and drawing materials,European Union - 27 countries (from 2020),,,,,,,,,,,,,,,,,,2.69,2.71,2.8,2.74,3.01,2.97,3.02
317,Stationery and drawing materials,Germany,,,,,,,,,,,,,,,,1.89,1.98,1.81,1.85,2.37,2.37,2.51,2.33,2.56
318,Stationery and drawing materials,Spain,,,,,,,,,,,,,,,,,2.66,2.24,2.35,2.15,2.17,2.39,2.06,1.79
319,Stationery and drawing materials,France,2.33,2.3,2.37,2.4,2.29,3.07,3.71,3.74,3.89,3.91,3.93,4.39,3.73,3.81,3.72,3.63,3.99,3.91,3.84,3.71,3.58,3.84,3.77,3.65
320,Pre-primary and primary education,European Union - 27 countries (from 2020),,,,,,,,,,,,,,,,,,2.48,2.48,2.36,2.36,2.46,2.3,2.23
321,Pre-primary and primary education,Germany,,,,,,,,,,,,,,,,3.13,3.2,3.27,3.33,2.33,2.3,2.8,2.74,2.77
322,Pre-primary and primary education,Spain,,,,,,,,,,,,,,,,,3.85,4.54,4.43,4.36,4.34,4.42,4.04,3.45
323,Pre-primary and primary education,France,0.38,0.35,0.33,0.34,0.35,0.35,0.36,0.37,0.34,0.41,0.38,0.54,0.29,0.31,0.31,0.32,0.47,0.52,0.53,0.57,0.56,0.62,0.5,0.68
324,Secondary education,European Union - 27 countries (from 2020),,,,,,,,,,,,,,,,,,2.11,2.16,2.08,2.07,2.31,2.1,2.24
325,Secondary education,Germany,,,,,,,,,,,,,,,,1.6,1.65,1.7,1.74,1.73,1.8,1.84,1.81,1.36
326,Secondary education,Spain,,,,,,,,,,,,,,,,,2.82,2.18,2.18,2.21,2.23,2.32,2.28,3.44
327,Secondary education,France,2.12,1.99,1.93,1.97,1.98,2.01,2.06,2.12,1.87,2.3,2.25,3.14,1.6,1.72,1.69,1.75,1.45,1.65,1.66,1.77,1.74,1.93,1.55,2.05
328,Post-secondary non-tertiary education,European Union - 27 countries (from 2020),,,,,,,,,,,,,,,,,,0.13,0.14,0.15,0.15,0.16,0.14,0.11
329,Post-secondary non-tertiary education,Germany,,,,,,,,,,,,,,,,0.0,0.0,0.0,0.0,0.0,0.0,0.0,0.0,0.0
330,Post-secondary non-tertiary education,Spain,,,,,,,,,,,,,,,,,0.0,0.0,0.0,0.0,0.0,0.0,0.0,0.0
331,Post-secondary non-tertiary education,France,0.0,0.0,0.0,0.0,0.0,0.0,0.0,0.0,0.0,0.0,0.0,0.0,0.0,0.0,0.0,0.0,0.0,0.0,0.0,0.0,0.0,0.0,0.0,0.0
332,Tertiary education,European Union - 27 countries (from 2020),,,,,,,,,,,,,,,,,,4.26,3.84,3.42,3.68,3.72,3.68,3.39
333,Tertiary education,Germany,,,,,,,,,,,,,,,,2.62,3.27,3.65,3.77,2.54,2.67,2.69,2.65,1.45
334,Tertiary education,Spain,,,,,,,,,,,,,,,,,6.27,6.37,6.31,6.06,6.1,6.03,6.17,6.31
335,Tertiary education,France,3.16,2.91,2.82,2.84,2.87,2.85,2.96,3.08,2.78,3.25,3.07,4.11,2.35,2.36,2.42,2.5,1.5,1.63,1.62,1.75,1.79,1.87,1.71,2.07
336,Education not definable by level,European Union - 27 countries (from 2020),,,,,,,,,,,,,,,,,,2.11,2.16,2.15,2.14,2.25,2.11,2.25
337,Education not definable by level,Germany,,,,,,,,,,,,,,,,2.44,2.5,2.58,2.62,2.39,2.54,2.58,2.52,1.94
338,Education not definable by level,Spain,,,,,,,,,,,,,,,,,3.23,2.91,2.92,2.97,2.93,2.99,3.07,6.6
339,Education not definable by level,France,0.0,0.0,0.0,0.0,0.0,0.0,0.0,0.0,0.0,0.0,0.0,0.0,0.0,0.0,0.0,0.0,0.0,0.0,0.0,0.0,0.0,0.0,0.0,0.0
340,"Restaurants, cafs and the like",European Union - 27 countries (from 2020),,59.79,61.95,64.95,65.13,63.51,63.14,63.22,63.24,64.38,63.27,63.96,63.14,63.87,63.1,62.89,64.59,63.93,65.16,66.59,67.43,52.23,54.88,69.56
341,"Restaurants, cafs and the like",Germany,37.8,36.66,36.97,37.77,37.41,36.95,36.5,36.59,32.5,32.87,32.92,32.67,33.31,34.88,35.01,35.4,37.8,37.54,37.22,38.29,39.49,28.4,27.78,49.03
342,"Restaurants, cafs and the like",Spain,139.7,135.73,137.93,137.42,138.83,140.58,136.8,132.19,133.07,136.42,133.38,127.49,127.28,127.71,127.36,124.93,128.12,117.23,119.32,120.5,113.34,113.41,117.46,122.91
343,"Restaurants, cafs and the like",France,53.32,54.56,56.88,57.28,56.51,46.56,44.79,44.46,44.29,45.52,42.7,52.33,53.35,54.53,53.88,54.58,51.33,52.81,55.04,57.05,58.55,45.84,48.34,65.48
344,Canteens,European Union - 27 countries (from 2020),,8.31,8.38,8.26,8.48,7.99,7.77,7.89,7.39,7.39,7.46,6.15,6.25,6.53,6.63,6.82,7.23,7.46,7.44,7.62,7.58,5.7,5.55,6.75
345,Canteens,Germany,5.42,5.24,5.31,5.33,5.38,5.37,5.34,5.33,3.74,3.86,3.86,3.84,3.82,5.0,5.07,5.1,5.39,5.38,5.31,5.63,5.81,4.15,4.03,5.86
346,Canteens,Spain,3.69,2.8,2.88,2.82,2.85,2.86,2.79,2.82,2.83,2.9,2.92,3.15,3.18,3.25,3.38,3.33,3.27,4.07,4.1,3.93,4.17,3.93,3.4,3.88
347,Canteens,France,15.3,15.17,15.05,15.24,16.2,14.3,13.91,13.93,13.66,14.03,14.47,12.1,12.29,12.62,13.12,13.61,12.48,12.53,12.51,12.34,11.84,8.81,10.66,12.75
348,Accommodation services,European Union - 27 countries (from 2020),,15.72,16.24,16.8,16.93,16.38,15.86,15.89,16.62,16.76,16.1,15.71,16.33,15.58,15.99,17.14,17.43,18.38,18.77,19.01,19.38,12.08,14.27,19.6
349,Accommodation services,Germany,10.78,12.8,12.96,13.23,13.06,12.88,12.77,12.61,14.93,15.15,15.24,14.96,17.74,11.9,12.27,12.32,12.92,13.26,13.12,12.21,12.37,8.15,7.61,17.5
350,Accommodation services,Spain,8.2,8.22,8.18,8.57,8.66,8.57,8.19,8.76,8.98,9.22,7.59,7.52,7.73,7.84,7.63,8.86,9.4,18.88,19.55,20.57,20.18,13.96,23.31,15.56
351,Accommodation services,France,18.5,17.17,17.94,18.22,18.72,15.13,14.68,15.72,15.61,16.61,16.88,18.43,18.14,18.73,19.19,19.5,17.58,17.76,18.06,18.93,19.54,12.33,14.73,20.95
352,Hairdressing salons and personal grooming establishments,European Union - 27 countries (from 2020),,9.78,10.06,10.42,10.49,10.5,10.67,10.93,10.94,11.38,11.12,11.02,11.32,11.38,11.53,11.53,11.62,11.53,11.45,11.76,11.87,11.29,11.2,10.55
353,Hairdressing salons and personal grooming establishments,Germany,10.54,10.27,10.39,10.56,10.47,10.28,10.14,10.1,10.69,10.68,10.68,10.57,11.21,10.98,10.88,11.21,11.48,12.03,10.75,12.34,12.2,12.34,11.41,11.1
354,Hairdressing salons and personal grooming establishments,Spain,9.96,10.83,10.92,11.58,11.95,12.03,12.48,14.15,15.87,17.62,17.16,17.45,16.87,17.0,16.55,16.12,16.31,12.82,12.87,13.27,12.78,13.75,12.81,10.85
355,Hairdressing salons and personal grooming establishments,France,10.87,10.83,11.64,11.05,10.82,10.79,10.91,10.98,10.42,10.72,10.61,9.33,9.14,9.2,9.5,9.48,9.11,9.22,9.37,9.31,9.33,8.63,8.75,8.76
356,Electrical appliances for personal care,European Union - 27 countries (from 2020),,,,,,,,,,,,,,,,,,0.6,0.61,0.61,0.58,0.65,0.65,0.56
357,Electrical appliances for personal care,Germany,,,,,,,,,,,,,,,,0.5,0.51,0.54,0.5,0.58,0.56,0.6,0.56,0.48
358,Electrical appliances for personal care,Spain,,,,,,,,,,,,,,,,,0.66,0.58,0.58,0.62,0.62,0.61,0.65,0.56
359,Electrical appliances for personal care,France,0.16,0.15,0.16,0.16,0.15,0.37,0.37,0.4,0.43,0.43,0.44,0.44,0.46,0.48,0.49,0.49,0.78,0.76,0.83,0.79,0.74,0.87,0.94,0.79
360,"Other appliances, articles and products for personal care",European Union - 27 countries (from 2020),,,,,,,,,,,,,,,,,,17.37,17.61,17.16,17.4,18.1,17.78,17.47
361,"Other appliances, articles and products for personal care",Germany,,,,,,,,,,,,,,,,12.87,13.09,14.04,12.77,13.68,13.39,13.54,12.86,12.09
362,"Other appliances, articles and products for personal care",Spain,,,,,,,,,,,,,,,,,18.61,18.25,18.62,17.95,18.75,20.37,18.08,18.61
363,"Other appliances, articles and products for personal care",France,21.4,21.29,22.19,21.89,22.59,22.45,20.74,21.1,20.72,21.22,21.18,21.18,21.55,21.84,22.09,22.13,21.61,20.95,20.94,20.65,20.2,17.93,19.81,18.97
364,"Jewellery, clocks and watches",European Union - 27 countries (from 2020),,5.19,5.12,5.35,5.06,4.97,4.98,5.32,4.75,4.89,4.86,4.9,5.42,5.5,4.87,4.29,4.32,4.45,4.62,4.21,4.29,4.29,3.84,4.2
365,"Jewellery, clocks and watches",Germany,5.46,5.29,5.29,5.28,5.22,5.17,5.14,5.25,3.47,3.53,3.67,3.78,3.62,4.69,4.35,4.27,4.07,4.12,4.7,3.34,3.23,3.09,2.86,4.66
366,"Jewellery, clocks and watches",Spain,3.67,3.56,3.56,3.28,2.93,2.92,3.01,3.24,3.64,4.03,4.03,3.56,3.31,3.46,3.31,3.27,2.98,3.26,3.24,3.2,3.2,3.21,2.18,2.3
367,"Jewellery, clocks and watches",France,7.81,7.73,7.81,7.62,6.81,7.01,7.13,7.77,7.09,7.61,7.51,7.97,8.6,8.46,7.54,7.07,7.29,7.47,7.23,6.85,6.79,7.05,6.75,6.6
368,Other personal effects,European Union - 27 countries (from 2020),,5.44,5.96,5.79,5.76,5.81,5.67,4.68,4.53,4.63,4.7,4.52,4.59,4.34,4.47,4.71,4.81,4.97,4.91,4.98,5.06,5.22,4.81,4.73
369,Other personal effects,Germany,4.4,4.24,4.24,4.22,4.22,4.14,4.07,4.03,3.15,3.18,3.12,3.07,3.08,2.56,2.57,2.65,2.44,2.42,2.74,2.97,2.94,2.75,2.59,3.1
370,Other personal effects,Spain,2.1,2.04,1.99,2.05,2.2,2.15,2.19,2.31,2.59,2.88,2.93,3.17,3.11,3.02,2.96,2.96,3.13,3.79,3.72,3.8,3.65,3.53,3.31,3.08
371,Other personal effects,France,6.32,6.62,6.84,7.0,6.89,6.3,5.94,6.09,6.43,6.66,6.82,6.11,6.05,5.19,5.51,5.62,5.62,5.82,5.62,5.79,5.71,5.67,5.8,5.42
372,Social protection,European Union - 27 countries (from 2020),,7.56,7.78,8.19,8.47,8.78,9.06,9.18,9.1,9.21,9.8,9.45,10.82,10.34,11.1,11.07,13.06,14.2,13.79,14.4,14.8,15.95,15.44,15.78
373,Social protection,Germany,2.44,11.71,11.97,12.18,12.58,12.83,12.77,12.72,13.05,12.84,12.93,12.68,16.61,12.96,14.16,13.73,14.89,16.44,14.55,18.25,20.2,22.85,23.33,29.83
374,Social protection,Spain,0.52,2.45,2.49,2.59,2.67,2.71,2.75,2.97,3.32,3.69,3.95,4.12,4.08,4.04,4.17,3.45,3.48,15.59,15.38,15.07,15.88,14.9,16.29,12.96
375,Social protection,France,3.15,10.03,9.83,9.65,10.69,12.76,13.44,13.71,14.03,14.18,14.4,11.67,12.27,12.35,13.21,14.97,24.8,24.42,24.37,24.16,24.68,26.33,24.13,22.09
